"9780226034041";"9781975855710"
"9780226034041";"9781403945518"
"9780226034041";"9780340794708"
"9780226034041";"9780814742969"
"9780226034041";"9780195053265"
"9780226034041";"9780929903057"
"9780226034041";"226200711X"
"9780226034041";"9782072718496"
"9780002555166";"9780761521662"
"9780671760830";"9781905570270"
"9781590172834";"9780300187823"
"9780002555166";"9780684856797"
"9780099438021";"9780684856797"
"9780099438021";"9780002555166"
"9781595550118";"9780099438021"
"9781595550118";"9780684856797"
"9781595550118";"9780002555166"
"9780898701838";"9788588062863"
"9780671212094";"9788588062863"
"9780898701838";"9780671212094"
"9780898701838";"9780967967509"
"9788588062863";"9780967967509"
"9780671212094";"9780967967509"
"9780313200717";"9780898701838";
"9780313200717";"9788588062863";
"9780313200717";"9780671212094";
"9780313200717";"9780967967509";
"9781561310234";"9780226034041"
"9781561310234";"9781975855710"
"9781561310234";"9781403945518"
"9781561310234";"9780340794708"
"9781561310234";"9780814742969"
"9781561310234";"9780195053265"
"9781561310234";"9780929903057"
"9781561310234";"226200711X"
"9781561310234";"9782072718496"
"9780895260062";"9780964084810"
"9780895260062";"B000FTBPB4"
"9780895260062";"B07DF6TV7B"
"9783981326321";"B004G606FI"
"9780972020701";"9781502306388"
"9781614273547";"9781933550381"
"9781614273547";"9781598132182"
"9781598132182";"9781933550381"
"9781614273547";"9780913966631"
"9780865975699";"9780913966631"
"9780865975699";"9781933550381"
"9780865975699";"9781614273547"
"9780860373971";"9788172312442"
"9781400077229";"9782917260852"
"B00GN7IYS4";"9781400077229"
"9781502306388";"9780141441047"
"9780972020701";"9780141441047"
"9781400077229";"9780141441047"
"9780814774687";"9780226729893"
"9788520926239";"9780226034041"
"9788520926239";"9781975855710"
"9788520926239";"9781403945518"
"9788520926239";"9780340794708"
"9788520926239";"226200711X"
"9788520926239";"9782072718496"
"9780977956319";"9781590172834"
"9781560002871";"9781590172834"
"9781560002871";"9780977956319"
"9788881553129";"9781560002871"
"9788881553129";"9781590172834"
"9788881553129";"9780977956319"
"9781405125383";"9780830837212"
"9780141441047";"9781939438232"
"9781502306388";"9781939438232"
"9781849545068";"9780895260345"
"9780739109069";"9781849545068"
"9780739109069";"9780895260345"
"9780739109069";"9781929631667"
"9781849545068";"9781929631667"
"9780895260345";"9781929631667"
"9780465094110";"9780895260345"
"9780465094110";"9780739109069"
"9780465094110";"9781849545068"